﻿"Table name",UID,Licence,"Data source",Description
"Kvg     ",VTCSS14.KVGAB29.0,kvg,file,"Data in this table was obtained from the Consumer Health Communication Platform (*Kommunikationsplattform Verbrauchergesundheit*, KVG) provided by the Austrian Federal Ministry of Social Affairs, Health, Care and Consumer Protection (*Bundesministerium für Soziales, Gesundheit, Pflege und Konsumentenschutz*, BMSGPK). It contains information on food and consumer protection as well as animal health and animal welfare, among which outbreaks of notifiable honey bee diseases from 2015 to 2020 in Austria (AT)."
Vetcaseat,VTCSS14.VTCST30.0,kvg,file,"Data in this table was obtained from the Consumer Health Communication Platform (*Kommunikationsplattform Verbrauchergesundheit*, KVG) provided by the Austrian Federal Ministry of Social Affairs, Health, Care and Consumer Protection (*Bundesministerium für Soziales, Gesundheit, Pflege und Konsumentenschutz*, BMSGPK). It contains the number of notified outbreaks of notifiable honey bee diseases from 2015 to 2022 on apiaries in Austria, aggregated by calendar month and district (Politischer Bezirk) or NUTS2 region (if district is NULL)."
Vetcasebe,VTCSS14.VTCSB31.0,favva_fsca,file,"Data in this table was obtained from the Belgian Federal Agency for the Safety of the Food Chain (*Federaal Agentschap voor de veiligheid van de voedselketen* - *Agence fédérale pour la sécurité de la chaîne alimentaire*, FAVV-AFSCA), which is responsible for the assessment and management of risks that may be harmful to the health of consumers as well as the health of animals and plants. It provides outbreaks of notifiable honey bee diseases from 2006 to 2022 in Belgium (BE)."
Vetcasesat22,VTCSS14.VTCSS32.0,cc-by-4-0,file,"Data in this table was obtained from the Styrian Beekeepers Association (*Steirischer Landesverband für Bienenzucht*, StLVB), which is the biggest beekeeping association in the region of Styria. It contains outbreaks of American foulbrood from 2000 to 2022 in Styria (AT22)."
"Vetcase    ",VTCSS14.VTCSE33.0,cc-by-4-0,file,"Data in this table was was merged from tables vetcaseat and vetcasebe."
References,VTCSS14.RFRNC70.0,cc-by-4-0,file,"The table contains references to sources (books, scientific journals, technical journals, websites) from which data in this dataset was obtained. "
